{"cameraMode":{"drawMode":0,"name":"Shaded","section":"Shading Mode"},"sceneLighting":false,"audioPlay":false,"sceneViewState":{"showFog":true,"showMaterialUpdate":false,"showSkybox":false,"showFlares":true,"showImageEffects":true,"showParticleSystems":true},"in2DMode":false,"pivot":{"x":-2.9559988975524904,"y":1.4475535154342652,"z":-2.0099782943725588},"rotation":{"x":-0.14324218034744264,"y":-0.5611062049865723,"z":0.09931810945272446,"w":-0.8091869354248047},"size":0.8660253882408142,"orthographic":false}