{"cameraMode":{"drawMode":0,"name":"Shaded","section":"Shading Mode"},"sceneLighting":true,"audioPlay":false,"sceneViewState":{"showFog":true,"showMaterialUpdate":false,"showSkybox":true,"showFlares":true,"showImageEffects":true,"showParticleSystems":true},"in2DMode":false,"pivot":{"x":7.812225818634033,"y":10.745981216430664,"z":12.130453109741211},"rotation":{"x":-0.04209696501493454,"y":-0.22318628430366517,"z":0.009639937430620194,"w":-0.9738196134567261},"size":16.558897018432618,"orthographic":false}